parent;Skill Domains;Business Literacy;Analytics Literacy;IT Literacy;Management;Product Management;Sales Framework;Team Building;Problem Solving;Data;Analytics;Decision Making;Artificial Intelligence;Causality;Proof-of-Value;Enterprise Architecture;Software Design;Process Modeling;Project Management;Prospecting;Qualify Opportunity;Customer Needs;Customer Value;Writing proposal;Negotiation;Problem Definition;Problem Breakdown;Focus and Prioritize;Short-term Workplan;Analyse and Reasoning;Convince and Sell;Mission;Customers;Value ;Measure Results;Plan;Attitude;Direction;Responsibility;Motivation;Creativity;Value Proposition;Target Market;Measure Success;Competitors and Differentiator;Strategy and Timing;Solution Requirements;Findable;Accessible;Interoperable;Reusable;Initiation;Planning;Execution;Control;Closure;Business Understanding;Data Understanding ;Data Preparation;Modeling;Evaluation;Deployment;Reasoning;Knowledge Representation;Machine Learning;Vision Recognition;Robotics;Natural Language Processing;Statistics;Descriptive ;Predictive ;Prescriptive ;Correlation;Probabilities;Manipulation;Causal Reasoning;Cognitive bias;Data Storytelling;Statistical bias;Automated Decision Making;Teamwork;Working software;Customer Collaboration;Change;Operating Model;Data Reference Model;Application model;IT Infrastructure ;Engagement Model;Identify Core Processes;As-is Analysis;To-be Design
;0.10279463326501138;0.5;0.788796065876397;0.5;0.5;0.5;0.5;0.5;0.5;0.830566202769456;0.824972118240031;0.5;0.5;0.5;0.5;0.5;0.5;0.5;0.5;0.5;0.5;0.5;0.5;0.5;0.5;0.5;0.5;0.5;0.5;0.5;0.5;0.5;0.5;0.5;0.5;0.5;0.5;0.5;0.5;0.5;0.5;0.5;0.5;0.5;0.5;0.5;0.5;0.5;0.5;0.5;0.5;0.5;0.5;0.5;0.5;0.5;0.5;0.7973630156418824;0.7819562300758585;0.8132819464807766;0.5;0.5;0.5;0.5;0.5;0.8290912336718529;0.5;0.8489335069561028;0.8387986006553017;0.77036315861441;0.842582726617519;0.8492995916185262;0.8419503405311187;0.5;0.5;0.5;0.5;0.7428507161460913;0.5;0.5;0.5;0.5;0.5;0.5;0.5;0.844660461444575;0.5;0.5;0.5;0.5;0.5;0.5
Skill Domains;0.5;0.04945869456705198;0.5;0.8294497984558906;0.5;0.5;0.5;0.5;0.5;0.5;0.5;0.5;0.5;0.5;0.5;0.5;0.5;0.5;0.5;0.5;0.5;0.5;0.5;0.5;0.5;0.5;0.5;0.5;0.5;0.5;0.5;0.5;0.8431804784424787;0.5;0.5;0.8295797198809838;0.5;0.5;0.5;0.5;0.5;0.5;0.5;0.5;0.5;0.8033580516835329;0.5;0.5;0.5;0.5;0.5;0.5;0.5;0.5;0.5;0.5;0.5;0.5;0.5;0.5;0.5;0.5;0.5;0.5;0.5;0.5;0.5;0.5;0.5;0.5;0.5;0.5;0.5;0.5;0.5;0.5;0.5;0.5;0.5;0.5;0.5;0.5;0.5;0.5;0.5;0.5;0.5;0.5;0.5;0.5;0.5;0.5
Skill Domains;0.7836380987548485;0.5;0.12904448316941644;0.7724304841200934;0.5;0.5;0.5;0.5;0.5;0.7530648664101669;0.7966164082316503;0.5;0.5;0.5;0.5;0.5;0.5;0.5;0.5;0.5;0.5;0.5;0.5;0.5;0.5;0.5;0.5;0.5;0.5;0.5;0.5;0.5;0.5;0.5;0.5;0.5;0.5;0.5;0.5;0.5;0.5;0.5;0.5;0.5;0.5;0.5;0.5;0.5;0.5;0.5;0.5;0.5;0.5;0.5;0.5;0.5;0.5;0.7326909382509461;0.736704811729972;0.7804030393594726;0.5;0.5;0.5;0.5;0.5;0.5;0.5;0.5;0.8157415847590217;0.768793659497979;0.5;0.5;0.8200944830027446;0.5;0.5;0.5;0.5;0.7385795626232493;0.5;0.5;0.5;0.5;0.5;0.5;0.5;0.8238356882113778;0.5;0.5;0.8390248731643691;0.5;0.5;0.5
Skill Domains;0.5;0.8309178263877685;0.7866250475420168;0.054879837230021725;0.5;0.5;0.5;0.5;0.5;0.5;0.5;0.5;0.5;0.5;0.5;0.5;0.5;0.5;0.5;0.5;0.5;0.5;0.5;0.5;0.5;0.5;0.5;0.5;0.5;0.5;0.5;0.5;0.5;0.5;0.5;0.5;0.5;0.5;0.5;0.5;0.5;0.5;0.5;0.5;0.5;0.5;0.5;0.5;0.5;0.5;0.5;0.5;0.5;0.5;0.5;0.5;0.5;0.5;0.5;0.5;0.5;0.5;0.5;0.5;0.5;0.8236307959304447;0.5;0.5;0.5;0.5;0.5;0.5;0.5;0.5;0.5;0.5;0.5;0.5;0.5;0.5;0.5;0.5;0.5;0.5;0.5;0.5;0.5;0.8417338103179033;0.5;0.5;0.8307324973962715;0.5
Business Literacy;0.5;0.5;0.5;0.5;0.10568758234767626;0.5;0.8197886932330123;0.5;0.5;0.5;0.5;0.5;0.5;0.5;0.5;0.5;0.5;0.8244325622530808;0.5;0.8119896483356804;0.5;0.5;0.5;0.5;0.5;0.5;0.5;0.5;0.8011155830357573;0.5;0.5;0.8391498180674316;0.5;0.5;0.5;0.8213435169540239;0.5;0.8218203525157639;0.5;0.5;0.5;0.5;0.8348549251869294;0.5;0.5;0.5;0.5;0.5;0.5;0.5;0.5;0.5;0.5;0.7076435470616044;0.5;0.5;0.80626932018498;0.5;0.5;0.5;0.5;0.5;0.5;0.5;0.5;0.5;0.5;0.5;0.7982394306593946;0.5;0.5;0.5;0.5;0.5;0.5;0.5;0.5;0.5;0.5;0.5;0.5;0.5;0.5;0.5;0.7553112832100317;0.5;0.5;0.5;0.5;0.5;0.5;0.8244325622530808
Business Literacy;0.5;0.5;0.5;0.5;0.5;0.08796256747168421;0.5;0.5;0.5;0.5;0.5;0.5;0.5;0.5;0.5;0.5;0.8400891573850952;0.8144266685611931;0.08796256747168421;0.5;0.5;0.5;0.5;0.5;0.5;0.5;0.7726806031098518;0.7731520044361843;0.7799224571707781;0.5;0.5;0.5;0.5;0.5;0.5;0.5;0.5;0.8280704571009093;0.5;0.8321281434414576;0.5;0.5;0.5;0.5;0.5;0.5;0.5;0.5;0.5;0.5;0.5;0.5;0.7875641774999573;0.7937995248616678;0.790520372066422;0.5;0.5;0.5;0.5;0.5;0.5;0.5;0.5;0.5;0.5;0.5;0.5;0.5;0.5;0.5;0.5;0.5;0.5;0.8122398352369199;0.5;0.5;0.5;0.5;0.5;0.5;0.5;0.5;0.5;0.5;0.5;0.5;0.5;0.5;0.5;0.5;0.5;0.8144266685611931
Business Literacy;0.5;0.5;0.5;0.5;0.8222713177364472;0.5;0.10258145102822701;0.5;0.5;0.5;0.5;0.5;0.5;0.5;0.5;0.5;0.5;0.8309938707921256;0.5;0.5;0.5;0.5;0.5;0.5;0.5;0.5;0.5;0.5;0.8483850507979365;0.5;0.5;0.5;0.8141250118948428;0.5;0.5;0.5;0.5;0.7899813503106636;0.5;0.5;0.5;0.5;0.5;0.5;0.5;0.5;0.5;0.5;0.5;0.5;0.5;0.5;0.5;0.8079515140719502;0.5;0.5;0.8343988873775214;0.5;0.5;0.5;0.5;0.5;0.5;0.5;0.5;0.5;0.5;0.5;0.5;0.5;0.5;0.5;0.5;0.5;0.5;0.5;0.5;0.5;0.5;0.5;0.5;0.8491257842656285;0.5;0.5;0.5;0.5;0.5;0.5;0.8030042443242513;0.5;0.5;0.8309938707921256
Business Literacy;0.5;0.5;0.5;0.5;0.5;0.5;0.5;0.0492920307269787;0.5;0.5;0.5;0.5;0.5;0.5;0.5;0.5;0.5;0.5;0.5;0.5;0.5;0.5;0.5;0.5;0.5;0.5;0.5;0.5;0.5;0.5;0.5;0.5;0.5;0.5;0.5;0.5;0.5;0.5;0.5;0.5;0.5;0.5;0.5;0.8150517202669937;0.5;0.5;0.5;0.5;0.5;0.5;0.5;0.5;0.5;0.5;0.5;0.5;0.5;0.5;0.5;0.5;0.5;0.5;0.5;0.5;0.5;0.5;0.5;0.5;0.5;0.5;0.5;0.5;0.5;0.5;0.5;0.5;0.5;0.5;0.5;0.5;0.5;0.5;0.8473687622246081;0.8092087808148324;0.5;0.5;0.5;0.5;0.5;0.5;0.5;0.5
Business Literacy;0.5;0.5;0.5;0.5;0.5;0.5;0.5;0.5;0.04878826919983419;0.5;0.5;0.5;0.5;0.5;0.5;0.5;0.5;0.5;0.5;0.5;0.5;0.5;0.5;0.5;0.5;0.8427248081566492;0.5;0.5;0.5;0.5;0.5;0.5;0.5;0.5;0.5;0.5;0.5;0.5;0.5;0.5;0.5;0.5;0.5;0.5;0.5;0.5;0.5;0.5;0.5;0.5;0.5;0.5;0.5;0.5;0.5;0.5;0.5;0.5;0.5;0.5;0.5;0.5;0.5;0.5;0.5;0.5;0.5;0.5;0.5;0.5;0.5;0.5;0.5;0.5;0.5;0.5;0.5;0.5;0.5;0.5;0.5;0.5;0.5;0.5;0.5;0.5;0.5;0.5;0.5;0.5;0.5;0.5
Analytics Literacy;0.8333891956766696;0.5;0.7654192189182841;0.5;0.5;0.5;0.5;0.5;0.5;0.10929264690276078;0.8407605323000829;0.5;0.5;0.5;0.5;0.5;0.5;0.5;0.5;0.5;0.5;0.5;0.5;0.5;0.5;0.5;0.5;0.5;0.5;0.5;0.5;0.5;0.5;0.5;0.5;0.5;0.5;0.5;0.5;0.5;0.5;0.5;0.5;0.5;0.5;0.5;0.5;0.5;0.5;0.5;0.5;0.5;0.5;0.5;0.5;0.5;0.5;0.7903077456122226;0.8069463225653953;0.8315552901194555;0.5;0.5;0.5;0.5;0.5;0.5;0.5;0.5;0.5;0.7666910878099732;0.5;0.5;0.5;0.5;0.5;0.5;0.5;0.8079951435312865;0.5;0.5;0.5;0.5;0.5;0.5;0.5;0.5;0.5;0.8459802306654276;0.8298231755407488;0.5;0.5;0.5
Analytics Literacy;0.822737688947781;0.5;0.7982306109943522;0.5;0.5;0.5;0.5;0.5;0.5;0.8364171143741731;0.10365001473130514;0.5;0.5;0.5;0.5;0.5;0.5;0.5;0.5;0.5;0.5;0.5;0.5;0.5;0.5;0.5;0.5;0.5;0.5;0.5;0.5;0.5;0.5;0.5;0.5;0.5;0.5;0.5;0.5;0.5;0.5;0.5;0.5;0.5;0.8415520225597609;0.5;0.5;0.5;0.5;0.5;0.5;0.5;0.5;0.5;0.5;0.5;0.5;0.8060563545986145;0.7919852771811731;0.8206070520141172;0.5;0.5;0.5;0.5;0.5;0.5;0.5;0.5;0.7033512336070004;0.7034721598744944;0.8110373671089356;0.5;0.7773435397737426;0.8440484405394976;0.5;0.5;0.8146326156819509;0.7932064402668902;0.5;0.5;0.5;0.5;0.5;0.5;0.5;0.8493163711641629;0.5;0.5;0.5;0.5;0.5;0.5
Analytics Literacy;0.5;0.5;0.5;0.5;0.5;0.5;0.5;0.5;0.5;0.5;0.5;0.018863712249767933;0.5;0.5;0.8238964005933542;0.5;0.5;0.5;0.5;0.5;0.5;0.5;0.5;0.5;0.5;0.5;0.5;0.5;0.5;0.5;0.5;0.5;0.5;0.5;0.5;0.5;0.5;0.5;0.5;0.5;0.5;0.5;0.5;0.5;0.5;0.5;0.5;0.5;0.5;0.5;0.5;0.5;0.5;0.5;0.5;0.5;0.5;0.5;0.5;0.5;0.018863712249767933;0.5;0.5;0.5;0.5;0.5;0.5;0.5;0.5;0.5;0.5;0.5;0.5;0.5;0.5;0.5;0.5;0.5;0.5;0.846265991197179;0.5;0.5;0.5;0.5;0.5;0.5;0.5;0.5;0.5;0.5;0.5;0.5
Analytics Literacy;0.5;0.5;0.5;0.5;0.5;0.5;0.5;0.5;0.5;0.5;0.5;0.5;0.04192685825235653;0.5;0.5;0.5;0.5;0.5;0.5;0.5;0.5;0.5;0.5;0.5;0.5;0.5;0.5;0.5;0.5;0.5;0.5;0.5;0.5;0.5;0.5;0.5;0.5;0.5;0.5;0.5;0.5;0.5;0.5;0.5;0.5;0.5;0.5;0.5;0.5;0.5;0.5;0.5;0.5;0.5;0.5;0.5;0.5;0.5;0.5;0.5;0.5;0.5;0.5;0.7468810148020806;0.5;0.5;0.5;0.7699707807654582;0.5;0.5;0.5;0.5;0.5;0.5;0.5;0.5;0.5;0.5;0.5;0.5;0.5;0.5;0.5;0.5;0.5;0.5;0.5;0.5;0.5;0.5;0.5;0.5
Analytics Literacy;0.5;0.5;0.5;0.5;0.5;0.5;0.5;0.5;0.5;0.5;0.5;0.5;0.5;0.06344457514919172;0.5;0.5;0.5;0.8470907152061112;0.5;0.5;0.5;0.5;0.5;0.5;0.5;0.5;0.5;0.5;0.5;0.5;0.5;0.5;0.5;0.5;0.5;0.5;0.833886751732337;0.5;0.5;0.5;0.5;0.5;0.5;0.5;0.5;0.5;0.5;0.5;0.5;0.5;0.5;0.5;0.5;0.5;0.5;0.5;0.5;0.5;0.5;0.5;0.5;0.5;0.5;0.5;0.5;0.5;0.5;0.5;0.5;0.5;0.5;0.5;0.5;0.5;0.5;0.6228928203126957;0.5;0.5;0.5;0.5;0.5;0.5;0.5;0.5;0.5;0.5;0.5;0.5;0.5;0.8295659080909564;0.5;0.8470907152061112
IT Literacy;0.5;0.5;0.5;0.5;0.5;0.5;0.5;0.5;0.5;0.5;0.5;0.8302567601662415;0.5;0.5;0.038068694647164676;0.5;0.5;0.5;0.5;0.5;0.5;0.5;0.5;0.5;0.5;0.5;0.5;0.5;0.5;0.5;0.5;0.5;0.5;0.5;0.5;0.5;0.5;0.5;0.5;0.5;0.8364226341085894;0.5;0.5;0.5;0.5;0.5;0.5;0.5;0.5;0.5;0.5;0.5;0.5;0.5;0.5;0.5;0.5;0.5;0.5;0.5;0.8302567601662415;0.5;0.5;0.5;0.5;0.5;0.5;0.5;0.5;0.5;0.5;0.5;0.5;0.5;0.5;0.5;0.5;0.5;0.5;0.5;0.5;0.5;0.5;0.5;0.5;0.5;0.5;0.5;0.5;0.5;0.5;0.5
IT Literacy;0.5;0.5;0.5;0.5;0.5;0.5;0.5;0.5;0.5;0.5;0.5;0.5;0.5;0.5;0.5;0.06790900602912564;0.8489813608456405;0.5;0.5;0.5;0.5;0.5;0.5;0.5;0.5;0.5;0.5;0.5;0.5;0.5;0.5;0.5;0.5;0.5;0.5;0.8097579018459836;0.5;0.5;0.5;0.5;0.5;0.5;0.5;0.5;0.5;0.5;0.5;0.5;0.5;0.5;0.5;0.5;0.5;0.5;0.5;0.5;0.5;0.5;0.5;0.5;0.5;0.5;0.5;0.5;0.5;0.5;0.5;0.5;0.5;0.8427762865218698;0.5;0.5;0.5;0.5;0.5;0.5;0.5;0.5;0.5;0.5;0.5;0.5;0.5;0.5;0.5;0.7931330658414433;0.5;0.5;0.5;0.5;0.5;0.5
IT Literacy;0.5;0.5;0.5;0.5;0.5;0.8431914174932374;0.5;0.5;0.5;0.5;0.5;0.5;0.5;0.5;0.5;0.8478933449528309;0.09420246161222484;0.849506600945501;0.8431914174932374;0.5;0.5;0.5;0.5;0.5;0.5;0.5;0.5;0.5;0.5;0.5;0.5;0.5;0.5;0.5;0.5;0.5;0.5;0.5;0.5;0.846803755608087;0.5;0.5;0.5;0.5;0.5;0.5;0.8336662800681681;0.5;0.5;0.5;0.7420852432896173;0.5;0.5;0.5;0.5;0.7484670232133215;0.5;0.5;0.5;0.5;0.5;0.5;0.8092898759409008;0.5;0.5;0.5;0.5;0.5;0.5;0.5;0.5;0.5;0.5;0.5;0.5;0.5;0.5;0.5;0.5;0.5;0.5;0.7691588879854874;0.5;0.5;0.5;0.5;0.8328661499595554;0.7734469770941277;0.5;0.5;0.5;0.849506600945501
IT Literacy;0.8410095859474847;0.5;0.5;0.5;0.8139399493680675;0.8025877979705246;0.8189135836445884;0.5;0.5;0.5;0.5;0.5;0.5;0.8317916109321436;0.5;0.8467910390980983;0.839425523255248;0.11339926413715261;0.8025877979705246;0.5;0.8337296030621713;0.5;0.5;0.8296899184150403;0.5;0.5;0.8243295423885254;0.8173272172233663;0.5;0.5;0.5;0.5;0.5;0.5;0.5;0.8317916109321436;0.5;0.842219173393381;0.5;0.5;0.5;0.5;0.8033191394209864;0.5;0.8354413624976545;0.5;0.7812909878627106;0.5;0.5;0.5;0.8444859196800695;0.5;0.5;0.7919789432458815;0.5;0.5;0.7604999474186652;0.5;0.5;0.5;0.5;0.5;0.5;0.5;0.5;0.5;0.5;0.5;0.5;0.5;0.5;0.5;0.5;0.5;0.5;0.8064065858174786;0.5;0.5;0.5;0.846124453277323;0.5;0.8310153070772671;0.5;0.5;0.5;0.5;0.5;0.5;0.5;0.8125343748031836;0.8359472669103555;0.11339926413715261
IT Literacy;0.5;0.5;0.5;0.5;0.5;0.08796256747168421;0.5;0.5;0.5;0.5;0.5;0.5;0.5;0.5;0.5;0.5;0.8400891573850952;0.8144266685611931;0.08796256747168421;0.5;0.5;0.5;0.5;0.5;0.5;0.5;0.7726806031098518;0.7731520044361843;0.7799224571707781;0.5;0.5;0.5;0.5;0.5;0.5;0.5;0.5;0.8280704571009093;0.5;0.8321281434414576;0.5;0.5;0.5;0.5;0.5;0.5;0.5;0.5;0.5;0.5;0.5;0.5;0.7875641774999573;0.7937995248616678;0.790520372066422;0.5;0.5;0.5;0.5;0.5;0.5;0.5;0.5;0.5;0.5;0.5;0.5;0.5;0.5;0.5;0.5;0.5;0.5;0.8122398352369199;0.5;0.5;0.5;0.5;0.5;0.5;0.5;0.5;0.5;0.5;0.5;0.5;0.5;0.5;0.5;0.5;0.5;0.8144266685611931
Sales Framework;0.5;0.5;0.5;0.5;0.8214932876609725;0.5;0.5;0.5;0.5;0.5;0.5;0.5;0.5;0.5;0.5;0.5;0.5;0.5;0.5;0.0705248775605196;0.8006947929995253;0.8248552793971491;0.8248552793971491;0.5;0.5;0.5;0.5;0.5;0.5;0.5;0.5;0.5;0.8380703274594187;0.5;0.5;0.5;0.5;0.5;0.5;0.5;0.5;0.5;0.5;0.5;0.5;0.5;0.5;0.5;0.8141077487506466;0.5;0.5;0.5;0.5;0.5;0.5;0.5;0.5;0.5;0.5;0.5;0.5;0.5;0.5;0.5;0.5;0.5;0.5;0.5;0.5;0.5;0.5;0.5;0.5;0.5;0.5;0.5;0.5;0.5;0.5;0.5;0.5;0.5;0.5;0.5;0.8387034771681574;0.5;0.5;0.5;0.5;0.5;0.5;0.5
Sales Framework;0.5;0.5;0.5;0.5;0.5;0.5;0.5;0.5;0.5;0.5;0.5;0.5;0.5;0.5;0.5;0.5;0.5;0.8467217846339489;0.5;0.7981341376331048;0.08678604695097752;0.5;0.5;0.5;0.5;0.5;0.5;0.5;0.5;0.5;0.5;0.5;0.5;0.5;0.5;0.5;0.5;0.5;0.5;0.5;0.5;0.8279455732923264;0.796368374362152;0.8455831176090186;0.5;0.5;0.5;0.5;0.7981341376331048;0.5;0.5;0.5;0.5;0.5;0.5;0.5;0.7700923121270021;0.5;0.5;0.5;0.5;0.5;0.5;0.5;0.5;0.5;0.5;0.5;0.5;0.5;0.5;0.5;0.5;0.5;0.5;0.5;0.5;0.5;0.5;0.5;0.5;0.5;0.5;0.5;0.5;0.5;0.5;0.5;0.5;0.5;0.5;0.8467217846339489
Sales Framework;0.5;0.5;0.5;0.5;0.5;0.5;0.5;0.5;0.5;0.5;0.5;0.5;0.5;0.5;0.5;0.5;0.5;0.5;0.5;0.814561201972404;0.5;0.06822969882130994;0.06822969882130994;0.5;0.5;0.5;0.5;0.5;0.5;0.5;0.5;0.5;0.81357836237552;0.7338745080241835;0.7932577285601147;0.5;0.8471445534546092;0.5;0.5;0.5;0.5;0.8005796459090884;0.5;0.7595944826655079;0.5;0.5;0.5;0.5;0.5;0.5;0.5;0.5;0.5;0.5;0.5;0.5;0.5;0.5;0.5;0.5;0.5;0.5;0.5;0.5;0.5;0.5;0.5;0.5;0.5;0.5;0.5;0.5;0.5;0.5;0.5;0.5;0.5;0.5;0.5;0.5;0.5;0.5;0.8383961005831888;0.5;0.5;0.5;0.5;0.5;0.5;0.8111414120593011;0.5;0.5
Sales Framework;0.5;0.5;0.5;0.5;0.5;0.5;0.5;0.5;0.5;0.5;0.5;0.5;0.5;0.5;0.5;0.5;0.5;0.5;0.5;0.814561201972404;0.5;0.06822969882130994;0.06822969882130994;0.5;0.5;0.5;0.5;0.5;0.5;0.5;0.5;0.5;0.81357836237552;0.7338745080241835;0.7932577285601147;0.5;0.8471445534546092;0.5;0.5;0.5;0.5;0.8005796459090884;0.5;0.7595944826655079;0.5;0.5;0.5;0.5;0.5;0.5;0.5;0.5;0.5;0.5;0.5;0.5;0.5;0.5;0.5;0.5;0.5;0.5;0.5;0.5;0.5;0.5;0.5;0.5;0.5;0.5;0.5;0.5;0.5;0.5;0.5;0.5;0.5;0.5;0.5;0.5;0.5;0.5;0.8383961005831888;0.5;0.5;0.5;0.5;0.5;0.5;0.8111414120593011;0.5;0.5
Sales Framework;0.5;0.5;0.5;0.5;0.5;0.5;0.5;0.5;0.5;0.5;0.5;0.5;0.5;0.5;0.5;0.5;0.5;0.8453732705695858;0.5;0.5;0.5;0.5;0.5;0.07700205101003876;0.5;0.5;0.5;0.5;0.5;0.5;0.5;0.5;0.5;0.5;0.5;0.5;0.5;0.5;0.5;0.5;0.5;0.5;0.8323889568425484;0.8365822460719237;0.5;0.5;0.5;0.5;0.5;0.5;0.5;0.5;0.5;0.5;0.5;0.5;0.8027037666551002;0.5;0.5;0.5;0.5;0.5;0.5;0.5;0.5;0.5;0.5;0.5;0.5;0.5;0.5;0.5;0.5;0.5;0.5;0.5;0.5;0.5;0.5;0.5;0.5;0.5;0.5;0.5;0.5;0.5;0.5;0.5;0.5;0.5;0.5;0.8453732705695858
Sales Framework;0.5;0.5;0.5;0.5;0.5;0.5;0.5;0.5;0.5;0.5;0.5;0.5;0.5;0.5;0.5;0.5;0.5;0.5;0.5;0.5;0.5;0.5;0.5;0.5;0.0217030282760274;0.5;0.5;0.5;0.5;0.5;0.5;0.5;0.5;0.5;0.5;0.5;0.5;0.5;0.5;0.5;0.5;0.5;0.5;0.5;0.5;0.5;0.5;0.5;0.5;0.5;0.5;0.5;0.5;0.5;0.5;0.5;0.5;0.5;0.5;0.5;0.5;0.5;0.5;0.5;0.5;0.5;0.5;0.5;0.5;0.5;0.5;0.5;0.5;0.5;0.5;0.5;0.5;0.5;0.5;0.5;0.5;0.5;0.5;0.5;0.5;0.5;0.5;0.5;0.5;0.5;0.5;0.5
Problem Solving;0.5;0.5;0.5;0.5;0.5;0.5;0.5;0.5;0.8436375957187309;0.5;0.5;0.5;0.5;0.5;0.5;0.5;0.5;0.5;0.5;0.5;0.5;0.5;0.5;0.5;0.5;0.03165294836800024;0.5;0.5;0.5;0.5;0.5;0.8217851598227209;0.5;0.5;0.5;0.5;0.5;0.5;0.5;0.5;0.5;0.5;0.5;0.5;0.5;0.5;0.5;0.5;0.5;0.5;0.5;0.5;0.5;0.5;0.5;0.5;0.5;0.5;0.5;0.5;0.5;0.5;0.5;0.5;0.5;0.5;0.5;0.5;0.5;0.5;0.5;0.5;0.5;0.5;0.5;0.5;0.5;0.5;0.5;0.5;0.5;0.5;0.5;0.5;0.5;0.5;0.5;0.5;0.5;0.5;0.5;0.5
Problem Solving;0.5;0.5;0.5;0.5;0.5;0.7806668264950538;0.5;0.5;0.5;0.5;0.5;0.5;0.5;0.5;0.5;0.5;0.5;0.8376226109499014;0.7806668264950538;0.5;0.5;0.5;0.5;0.5;0.5;0.5;0.10025061201101361;0.5;0.7345927520249194;0.5;0.5;0.5;0.5;0.5;0.5;0.5;0.5;0.8427035497036469;0.5;0.5;0.5;0.5;0.5;0.5;0.5;0.5;0.5;0.5;0.5;0.8337498482175407;0.5;0.5;0.7383221836774168;0.7676558360637731;0.7493638061400293;0.5;0.5;0.5;0.5;0.5;0.5;0.5;0.5;0.5;0.5;0.5;0.5;0.5;0.5;0.5;0.5;0.5;0.5;0.8377317861056242;0.5;0.5;0.5;0.5;0.5;0.5;0.5;0.8315944341313485;0.5;0.5;0.5;0.5;0.5;0.832700988944612;0.5;0.5;0.5;0.8376226109499014
Problem Solving;0.5;0.5;0.5;0.5;0.5;0.7853910653282006;0.5;0.5;0.5;0.5;0.5;0.5;0.5;0.5;0.5;0.5;0.5;0.8342949474585467;0.7853910653282006;0.5;0.5;0.5;0.5;0.5;0.5;0.5;0.5;0.09207342844665874;0.5;0.5;0.5;0.5;0.5;0.5;0.5;0.846700976686995;0.5;0.8447460786357653;0.5;0.5;0.5;0.5;0.5;0.5;0.5;0.5;0.5;0.5;0.5;0.5;0.5;0.5;0.5;0.5;0.8388885913532651;0.5;0.5;0.5;0.5;0.5;0.5;0.5;0.5;0.5;0.5;0.5;0.5;0.5;0.5;0.5;0.5;0.5;0.5;0.5;0.5;0.5;0.5;0.5;0.5;0.5;0.5;0.5;0.5;0.5;0.5;0.5;0.5;0.5;0.5;0.8460033721659478;0.5;0.8342949474585467
Problem Solving;0.5;0.5;0.5;0.5;0.7998468178213889;0.7784583578681883;0.8460640446627498;0.5;0.5;0.5;0.5;0.5;0.5;0.5;0.5;0.5;0.5;0.5;0.7784583578681883;0.5;0.5;0.5;0.5;0.5;0.5;0.5;0.7211606635865141;0.5;0.10725661470973517;0.5;0.5;0.5;0.5;0.5;0.5;0.5;0.5;0.8169297989881317;0.5;0.5;0.5;0.5;0.5;0.5;0.5;0.5;0.5;0.5;0.5;0.5;0.5;0.5;0.6119468750284448;0.7065179102202417;0.6790727484288324;0.5;0.5;0.5;0.5;0.5;0.5;0.5;0.5;0.5;0.5;0.5;0.5;0.5;0.5;0.5;0.5;0.5;0.5;0.8096912294146081;0.5;0.5;0.5;0.5;0.5;0.5;0.5;0.5;0.5;0.5;0.5;0.5;0.5;0.5;0.5;0.5;0.5;0.5
Problem Solving;0.5;0.5;0.5;0.5;0.5;0.5;0.5;0.5;0.5;0.5;0.5;0.5;0.5;0.5;0.5;0.5;0.5;0.5;0.5;0.5;0.5;0.5;0.5;0.5;0.5;0.5;0.5;0.5;0.5;0.06203250718999978;0.5;0.5;0.5;0.5;0.5;0.5;0.8392304449482865;0.5;0.5;0.8392304449482865;0.5;0.5;0.5;0.5;0.5;0.5;0.5;0.5;0.5;0.5;0.5;0.5;0.5;0.5;0.5;0.5;0.5;0.5;0.5;0.5;0.5;0.5;0.5;0.5;0.5;0.5;0.5;0.5;0.5;0.5;0.5;0.5;0.5;0.5;0.5;0.5;0.5;0.5;0.5;0.5;0.5;0.5;0.5;0.5;0.5;0.5;0.5;0.5;0.5;0.5;0.5;0.5
Problem Solving;0.5;0.5;0.5;0.5;0.5;0.5;0.5;0.5;0.5;0.5;0.5;0.5;0.5;0.5;0.5;0.5;0.5;0.5;0.5;0.5;0.5;0.5;0.5;0.5;0.5;0.5;0.5;0.5;0.5;0.5;0.033754474735866416;0.5;0.5;0.5;0.5;0.5;0.5;0.5;0.5;0.5;0.5;0.5;0.5;0.5;0.5;0.5;0.5;0.5;0.5;0.5;0.5;0.5;0.5;0.5;0.5;0.5;0.5;0.5;0.5;0.5;0.5;0.5;0.5;0.5;0.5;0.5;0.5;0.5;0.5;0.5;0.5;0.5;0.5;0.5;0.5;0.5;0.5;0.5;0.5;0.5;0.5;0.5;0.5;0.5;0.5;0.5;0.5;0.5;0.5;0.5;0.5;0.5
Management;0.5;0.5;0.5;0.5;0.8454932862932434;0.5;0.5;0.5;0.5;0.5;0.5;0.5;0.5;0.5;0.5;0.5;0.5;0.5;0.5;0.5;0.5;0.5;0.5;0.5;0.5;0.8177727252220899;0.5;0.5;0.5;0.5;0.5;0.056130279300011764;0.5;0.5;0.5;0.5;0.5;0.5;0.5;0.5;0.5;0.5;0.8234929057464505;0.5;0.5;0.8488463363544578;0.5;0.5;0.5;0.5;0.5;0.5;0.5;0.5;0.5;0.5;0.5;0.5;0.5;0.5;0.5;0.8231679396157251;0.5;0.5;0.5;0.5;0.5;0.5;0.5;0.5;0.5;0.5;0.5;0.837307989352658;0.5;0.5;0.5;0.5;0.5;0.5;0.837307989352658;0.5;0.5;0.5;0.8342652278421346;0.5;0.5;0.5;0.5;0.5;0.5;0.5
Management;0.5;0.8448325078623685;0.5;0.5;0.5;0.5;0.8226416773576055;0.5;0.5;0.5;0.5;0.5;0.5;0.5;0.5;0.5;0.5;0.5;0.5;0.8393933710592585;0.5;0.8256192697152575;0.8256192697152575;0.5;0.5;0.5;0.5;0.5;0.5;0.5;0.5;0.5;0.061019759584641176;0.5;0.5;0.5;0.5;0.5;0.5;0.5;0.5;0.5;0.5;0.5;0.5;0.5;0.5;0.5;0.5;0.5;0.5;0.5;0.5;0.5;0.5;0.5;0.5;0.5;0.5;0.5;0.5;0.8432264283157316;0.5;0.5;0.5;0.5;0.5;0.5;0.5;0.5;0.5;0.5;0.5;0.5;0.5;0.5;0.5;0.5;0.5;0.5;0.5;0.5;0.5;0.5;0.5;0.5;0.5;0.5;0.5;0.8304697944684943;0.5;0.5
Management;0.5;0.5;0.5;0.5;0.5;0.5;0.5;0.5;0.5;0.5;0.5;0.5;0.5;0.5;0.5;0.5;0.5;0.5;0.5;0.5;0.5;0.7444786926095948;0.7444786926095948;0.5;0.5;0.5;0.5;0.5;0.5;0.5;0.5;0.5;0.5;0.09909875238168989;0.7673063394762246;0.5;0.5;0.5;0.5;0.5;0.5;0.7904520786301051;0.5;0.5;0.5;0.5;0.5;0.5;0.5;0.5;0.5;0.5;0.5;0.5;0.5;0.5;0.5;0.5;0.5;0.5;0.5;0.5;0.5;0.5;0.5;0.5;0.5;0.5;0.5;0.5;0.5;0.5;0.5;0.5;0.5;0.5;0.5;0.5;0.8290625520923517;0.5;0.5;0.5;0.5;0.5;0.8271082883867795;0.5;0.5;0.5;0.5;0.8435994623399908;0.5;0.5
Management;0.5;0.5;0.5;0.5;0.5;0.5;0.5;0.5;0.5;0.5;0.5;0.5;0.5;0.5;0.5;0.5;0.5;0.5;0.5;0.5;0.5;0.8070083872921324;0.8070083872921324;0.5;0.5;0.5;0.5;0.5;0.5;0.5;0.5;0.5;0.5;0.7767116487805232;0.07955032051073967;0.5;0.5;0.5;0.5;0.5;0.5;0.5;0.5;0.5;0.5;0.5;0.5;0.5;0.5;0.5;0.5;0.5;0.5;0.5;0.5;0.5;0.5;0.5;0.5;0.5;0.5;0.5;0.5;0.5;0.5;0.5;0.5;0.5;0.5;0.5;0.5;0.5;0.5;0.5;0.5;0.5;0.5;0.5;0.5;0.5;0.5;0.5;0.5;0.5;0.5;0.5;0.5;0.5;0.5;0.5;0.5;0.5
Management;0.5;0.8258256409556559;0.5;0.5;0.8254953333375249;0.5;0.5;0.5;0.5;0.5;0.5;0.5;0.5;0.5;0.5;0.8079708137542785;0.5;0.8432430740581978;0.5;0.5;0.5;0.5;0.5;0.5;0.5;0.5;0.5;0.8442193109756297;0.5;0.5;0.5;0.5;0.5;0.5;0.5;0.07978092127948289;0.5;0.5;0.5;0.5;0.5;0.5;0.5;0.5;0.5;0.7664835718747867;0.5;0.5;0.5;0.5;0.5;0.5;0.5;0.5;0.5;0.5;0.5;0.5;0.5;0.5;0.5;0.5;0.5;0.5;0.5;0.5;0.5;0.5;0.5;0.5;0.5;0.5;0.5;0.5;0.5;0.5;0.5;0.5;0.5;0.8256439801080245;0.5;0.5;0.5;0.5;0.8418210985498371;0.5;0.5;0.5;0.5;0.5;0.5;0.8432430740581978
Team Building;0.5;0.5;0.5;0.5;0.5;0.5;0.5;0.5;0.5;0.5;0.5;0.5;0.5;0.8353405108023522;0.5;0.5;0.5;0.5;0.5;0.5;0.5;0.5;0.5;0.5;0.5;0.5;0.5;0.5;0.5;0.839278220245519;0.5;0.5;0.5;0.5;0.5;0.5;0.03368435394491303;0.5;0.5;0.5;0.5;0.5;0.5;0.5;0.5;0.5;0.5;0.5;0.5;0.5;0.5;0.5;0.5;0.5;0.5;0.5;0.5;0.5;0.5;0.5;0.5;0.5;0.5;0.5;0.5;0.5;0.5;0.5;0.5;0.5;0.5;0.5;0.5;0.5;0.5;0.5;0.5;0.5;0.5;0.5;0.5;0.5;0.5;0.5;0.5;0.5;0.5;0.5;0.5;0.5;0.5;0.5
Team Building;0.5;0.5;0.5;0.5;0.8210015633448242;0.8273676532216396;0.7852465717957923;0.5;0.5;0.5;0.5;0.5;0.5;0.5;0.5;0.5;0.5;0.8487101466076821;0.8273676532216396;0.5;0.5;0.5;0.5;0.5;0.5;0.5;0.8383205007261428;0.8383205007261428;0.8171192650072512;0.5;0.5;0.5;0.5;0.5;0.5;0.5;0.5;0.15465776056983857;0.5;0.5;0.5;0.5;0.5;0.5;0.8210015633448242;0.5;0.5;0.5;0.5;0.5;0.5;0.5;0.842911697665631;0.7852465717957923;0.8243848640742094;0.5;0.5;0.5;0.5;0.5;0.5;0.5;0.5;0.5;0.5;0.5;0.5;0.5;0.5;0.5;0.5;0.5;0.5;0.5;0.5;0.5;0.5;0.5;0.8328122863087019;0.5;0.5;0.5;0.5;0.8383205007261428;0.5;0.5;0.5;0.5;0.8399717134070904;0.830569260123156;0.5;0.8487101466076821
Team Building;0.5;0.5;0.5;0.5;0.5;0.5;0.5;0.5;0.5;0.5;0.5;0.5;0.5;0.5;0.5;0.5;0.5;0.5;0.5;0.5;0.5;0.5;0.5;0.5;0.5;0.5;0.5;0.5;0.5;0.5;0.5;0.5;0.5;0.5;0.5;0.5;0.5;0.5;0.05659382516626783;0.5;0.5;0.5;0.8366071529511125;0.5;0.5;0.5;0.5;0.5;0.5;0.5;0.5;0.5;0.5;0.5;0.5;0.5;0.8458713685251064;0.5;0.5;0.5;0.5;0.5;0.5;0.5;0.5;0.5;0.5;0.5;0.5;0.5;0.5;0.5;0.5;0.5;0.5;0.5;0.5;0.5;0.5;0.5;0.5;0.5;0.5;0.5;0.5;0.5;0.5;0.5;0.5;0.5;0.5;0.5
Team Building;0.5;0.5;0.5;0.5;0.5;0.8415837605721336;0.5;0.5;0.5;0.5;0.5;0.5;0.5;0.5;0.5;0.5;0.5;0.5;0.8415837605721336;0.5;0.5;0.5;0.5;0.5;0.5;0.5;0.5;0.5;0.5;0.8394432860703044;0.5;0.5;0.5;0.5;0.5;0.5;0.5;0.5;0.5;0.05395851782643144;0.5;0.5;0.5;0.5;0.5;0.5;0.5;0.5;0.5;0.5;0.5;0.5;0.5;0.5;0.5;0.5;0.5;0.5;0.5;0.5;0.5;0.5;0.5;0.5;0.5;0.5;0.5;0.5;0.5;0.5;0.5;0.5;0.5;0.5;0.5;0.5;0.5;0.5;0.5;0.5;0.5;0.5;0.5;0.5;0.5;0.5;0.5;0.5;0.5;0.5;0.5;0.5
Team Building;0.5;0.5;0.5;0.5;0.5;0.5;0.5;0.5;0.5;0.5;0.5;0.5;0.5;0.5;0.838510741419054;0.5;0.5;0.5;0.5;0.5;0.5;0.5;0.5;0.5;0.5;0.5;0.5;0.5;0.5;0.5;0.5;0.5;0.5;0.5;0.5;0.5;0.5;0.5;0.5;0.5;0.013903447450148846;0.5;0.5;0.5;0.5;0.5;0.5;0.5;0.5;0.5;0.5;0.5;0.5;0.5;0.5;0.5;0.5;0.5;0.5;0.5;0.5;0.5;0.5;0.5;0.5;0.5;0.5;0.5;0.5;0.5;0.5;0.5;0.5;0.5;0.5;0.5;0.5;0.5;0.5;0.5;0.5;0.5;0.5;0.5;0.5;0.5;0.5;0.5;0.5;0.5;0.5;0.5
Product Management;0.5;0.5;0.5;0.5;0.5;0.5;0.5;0.5;0.5;0.5;0.5;0.5;0.5;0.5;0.5;0.5;0.5;0.5;0.5;0.5;0.8294046911799967;0.8121566905073527;0.8121566905073527;0.5;0.5;0.5;0.5;0.5;0.5;0.5;0.5;0.5;0.5;0.79674507119265;0.5;0.5;0.5;0.5;0.5;0.5;0.5;0.07680756844199947;0.8134936774878311;0.8481086471810029;0.8272394605436895;0.8358820885015408;0.5;0.5;0.5;0.5;0.5;0.5;0.5;0.5;0.5;0.5;0.5;0.5;0.5;0.5;0.5;0.8376764882397807;0.5;0.5;0.5;0.5;0.5;0.5;0.5;0.5;0.5;0.5;0.5;0.5;0.5;0.5;0.5;0.5;0.5;0.5;0.5;0.5;0.5;0.5;0.825141279046447;0.5;0.5;0.5;0.5;0.5;0.5;0.5
Product Management;0.5;0.5;0.5;0.5;0.8359647942830706;0.5;0.5;0.5;0.5;0.5;0.5;0.5;0.5;0.5;0.5;0.5;0.5;0.8165762776833303;0.5;0.5;0.7886312018780944;0.5;0.5;0.8248530261566459;0.5;0.5;0.5;0.5;0.5;0.5;0.5;0.8160180704579788;0.5;0.5;0.5;0.5;0.5;0.5;0.8271134359813598;0.5;0.5;0.805130783720427;0.08822014867644647;0.5;0.5;0.7627681822296658;0.5;0.5;0.5;0.5;0.5;0.5;0.5;0.8237592861511441;0.5;0.5;0.7507422559517607;0.5;0.5;0.5;0.5;0.5;0.5;0.5;0.5;0.5;0.5;0.5;0.5;0.5;0.5;0.5;0.5;0.5;0.5;0.5;0.5;0.5;0.5;0.5;0.5;0.5;0.5;0.5;0.5;0.5;0.5;0.5;0.5;0.5;0.5;0.8165762776833303
Product Management;0.5;0.5;0.5;0.5;0.5;0.5;0.5;0.8098384166062437;0.5;0.5;0.5;0.5;0.5;0.5;0.5;0.5;0.5;0.5;0.5;0.5;0.8443101870018179;0.7704923234472774;0.7704923234472774;0.8328443467745917;0.5;0.5;0.5;0.5;0.5;0.5;0.5;0.5;0.5;0.5;0.5;0.5;0.5;0.5;0.5;0.5;0.5;0.8458000243511704;0.5;0.0783728315375004;0.8496411331998481;0.5;0.5;0.5;0.5;0.5;0.5;0.5;0.5;0.5;0.847763163806232;0.5;0.5;0.5;0.5;0.5;0.5;0.5;0.5;0.5;0.5;0.5;0.5;0.5;0.5;0.5;0.5;0.5;0.5;0.847763163806232;0.5;0.5;0.5;0.5;0.5;0.5;0.5;0.5;0.5;0.8077249809914743;0.5;0.5;0.5;0.5;0.5;0.5;0.5;0.5
Product Management;0.5;0.5;0.5;0.5;0.5;0.5;0.5;0.5;0.5;0.5;0.8441299670882679;0.5;0.5;0.5;0.5;0.5;0.5;0.8471785156996927;0.5;0.5;0.5;0.5;0.5;0.5;0.5;0.5;0.5;0.5;0.5;0.5;0.5;0.5;0.5;0.5;0.5;0.5;0.5;0.8271939763360104;0.5;0.5;0.5;0.8244186618038002;0.5;0.8499221171054958;0.09684950869497146;0.5;0.5;0.5;0.5;0.5;0.5;0.5;0.5;0.5;0.5;0.5;0.5;0.5;0.5;0.5;0.5;0.5;0.5;0.5;0.5;0.5;0.5;0.5;0.5;0.5;0.5;0.5;0.5;0.5;0.5;0.5;0.5;0.5;0.5;0.5;0.5;0.5;0.5;0.5;0.5;0.5;0.5;0.5;0.5;0.5;0.5;0.8471785156996927
Product Management;0.5;0.8039611036179433;0.5;0.5;0.5;0.5;0.5;0.5;0.5;0.5;0.5;0.5;0.5;0.5;0.5;0.5;0.5;0.5;0.5;0.5;0.5;0.5;0.5;0.5;0.5;0.5;0.5;0.5;0.5;0.5;0.5;0.8489512579153267;0.5;0.5;0.5;0.7741168702861468;0.5;0.5;0.5;0.5;0.5;0.836084308604443;0.7753719105960344;0.5;0.5;0.04796200695077821;0.5;0.5;0.5;0.5;0.5;0.5;0.5;0.5;0.5;0.5;0.5;0.5;0.5;0.5;0.5;0.5;0.5;0.5;0.5;0.5;0.5;0.5;0.5;0.5;0.8442695057847084;0.5;0.5;0.5;0.5;0.5;0.5;0.5;0.5;0.5;0.5;0.5;0.5;0.5;0.5;0.5;0.5;0.5;0.5;0.5;0.5;0.5
Product Management;0.5;0.5;0.5;0.5;0.5;0.5;0.5;0.5;0.5;0.5;0.5;0.5;0.5;0.5;0.5;0.8473211247225771;0.8311860325093997;0.7974934392181428;0.5;0.5;0.5;0.5;0.5;0.5;0.5;0.5;0.5;0.5;0.5;0.5;0.5;0.5;0.5;0.5;0.5;0.5;0.5;0.5;0.5;0.5;0.5;0.5;0.5;0.5;0.5;0.5;0.11812208087265211;0.5;0.5;0.8426757737388805;0.8085380549785967;0.5;0.5;0.5;0.5;0.5;0.5;0.5;0.5;0.5;0.5;0.736276744436128;0.5;0.5;0.5;0.5;0.5;0.8465714029724444;0.5;0.5;0.5;0.5;0.5;0.5;0.5;0.8386119229525657;0.5;0.5;0.5;0.5;0.5;0.5;0.8462365190305968;0.5;0.5;0.5;0.5;0.5;0.5;0.8290844230023927;0.5;0.7974934392181428
Data;0.5;0.5;0.5;0.5;0.5;0.5;0.5;0.5;0.5;0.5;0.5;0.5;0.5;0.5;0.5;0.5;0.5;0.5;0.5;0.5;0.5;0.5;0.5;0.5;0.5;0.5;0.5;0.5;0.5;0.5;0.5;0.5;0.5;0.5;0.5;0.5;0.5;0.5;0.5;0.5;0.5;0.5;0.5;0.5;0.5;0.5;0.5;0.05843575547183292;0.5;0.5;0.5;0.5;0.5;0.5;0.5;0.5;0.5;0.5;0.5;0.5;0.5;0.5;0.8482733505120025;0.5;0.5;0.5;0.5;0.5;0.5;0.5;0.5;0.5;0.5;0.5;0.5;0.5;0.5;0.5;0.5;0.5;0.5;0.5;0.5;0.5;0.5;0.5;0.5;0.5;0.5;0.5;0.5;0.5
Data;0.5;0.5;0.5;0.5;0.5;0.5;0.5;0.5;0.5;0.5;0.5;0.5;0.5;0.5;0.5;0.5;0.5;0.5;0.5;0.8154608189082029;0.8022630631495156;0.5;0.5;0.5;0.5;0.5;0.5;0.5;0.5;0.5;0.5;0.5;0.5;0.5;0.5;0.5;0.5;0.5;0.5;0.5;0.5;0.5;0.5;0.5;0.5;0.5;0.5;0.5;0.04863145176419703;0.5;0.5;0.5;0.5;0.5;0.5;0.5;0.5;0.5;0.5;0.5;0.5;0.5;0.5;0.5;0.5;0.5;0.5;0.5;0.5;0.5;0.5;0.5;0.5;0.5;0.5;0.5;0.5;0.5;0.5;0.5;0.5;0.5;0.5;0.5;0.5;0.5;0.5;0.5;0.5;0.5;0.5;0.5
Data;0.5;0.5;0.5;0.5;0.5;0.5;0.5;0.5;0.5;0.5;0.5;0.5;0.5;0.5;0.5;0.5;0.5;0.5;0.5;0.5;0.5;0.5;0.5;0.5;0.5;0.5;0.8376805796149813;0.5;0.5;0.5;0.5;0.5;0.5;0.5;0.5;0.5;0.5;0.5;0.5;0.5;0.5;0.5;0.5;0.5;0.5;0.5;0.8485730979880681;0.5;0.5;0.06902870470305959;0.845002282394604;0.5;0.5;0.5;0.5;0.5;0.5;0.5;0.5;0.5;0.5;0.7971989401748729;0.5;0.5;0.5;0.5;0.5;0.5;0.5;0.5;0.5;0.5;0.5;0.5;0.5;0.5;0.5;0.5;0.5;0.5;0.5;0.5;0.5;0.5;0.5;0.5;0.5;0.5;0.5;0.5;0.5;0.5
Data;0.5;0.5;0.5;0.5;0.5;0.5;0.5;0.5;0.5;0.5;0.5;0.5;0.5;0.5;0.5;0.5;0.7322903348637868;0.5;0.5;0.5;0.8459593089781152;0.5;0.5;0.5;0.5;0.5;0.5;0.5;0.5;0.5;0.5;0.5;0.5;0.5;0.5;0.5;0.5;0.5;0.5;0.5;0.5;0.5;0.5;0.5;0.5;0.5;0.8064843304291217;0.5;0.5;0.8373226747674306;0.09048746056941956;0.5;0.5;0.5;0.5;0.6770895481411763;0.5;0.5;0.5;0.5;0.5;0.8204953035139664;0.8196741244725457;0.5;0.5;0.5;0.8182738169159544;0.5;0.5;0.5;0.5;0.5;0.5;0.5;0.5;0.5;0.5;0.5;0.5;0.5;0.5;0.6366097870226132;0.8070367888513662;0.5;0.5;0.5;0.8083234490236809;0.790070849352425;0.5;0.5;0.5;0.5
Project Management;0.5;0.5;0.5;0.5;0.5;0.5;0.5;0.5;0.5;0.5;0.5;0.5;0.5;0.5;0.5;0.5;0.5;0.5;0.5;0.5;0.5;0.5;0.5;0.5;0.5;0.5;0.5;0.5;0.5;0.5;0.5;0.5;0.5;0.5;0.5;0.5;0.5;0.5;0.5;0.5;0.5;0.5;0.5;0.5;0.5;0.5;0.5;0.5;0.5;0.5;0.5;0.5;0.5;0.5;0.5;0.5;0.5;0.5;0.5;0.5;0.5;0.5;0.5;0.5;0.5;0.5;0.5;0.5;0.5;0.5;0.5;0.5;0.5;0.5;0.5;0.5;0.5;0.5;0.5;0.5;0.5;0.5;0.5;0.5;0.5;0.5;0.5;0.5;0.5;0.5;0.5;0.5
Project Management;0.5;0.5;0.5;0.5;0.5;0.7917953011658796;0.5;0.5;0.5;0.5;0.5;0.5;0.5;0.5;0.5;0.5;0.5;0.5;0.7917953011658796;0.5;0.5;0.5;0.5;0.5;0.5;0.5;0.7339599508984139;0.5;0.6271497625827507;0.5;0.5;0.5;0.5;0.5;0.5;0.5;0.5;0.8455711555645344;0.5;0.5;0.5;0.5;0.5;0.5;0.5;0.5;0.5;0.5;0.5;0.5;0.5;0.5;0.10610099017339027;0.7281764321082044;0.6951406705562003;0.5;0.5;0.5;0.5;0.5;0.5;0.5;0.5;0.5;0.5;0.5;0.5;0.5;0.5;0.5;0.5;0.5;0.5;0.8110759110124781;0.5;0.5;0.5;0.5;0.5;0.5;0.5;0.5;0.5;0.5;0.5;0.5;0.5;0.5;0.5;0.5;0.5;0.5
Project Management;0.5;0.5;0.5;0.5;0.7075432476275726;0.793818869841779;0.8049557185097701;0.5;0.5;0.5;0.5;0.5;0.5;0.5;0.5;0.8479452524981909;0.5;0.8051486694498418;0.793818869841779;0.5;0.5;0.5;0.5;0.5;0.5;0.5;0.7587914481115101;0.5;0.7089396388574173;0.5;0.5;0.5;0.5;0.5;0.5;0.5;0.5;0.7863866008043532;0.5;0.5;0.5;0.5;0.8223963408825716;0.5;0.8492020433448757;0.5;0.5;0.5;0.5;0.5;0.5;0.5;0.7213565601173896;0.12424529875394671;0.726145425040152;0.5;0.8322733982039607;0.5;0.5;0.5;0.5;0.5;0.5;0.5;0.5;0.5;0.5;0.5;0.5;0.5;0.5;0.5;0.5;0.8385687051140842;0.5;0.5;0.5;0.5;0.5;0.5;0.5;0.5;0.5;0.82904313668974;0.8480987848739601;0.5;0.5;0.5;0.5;0.5;0.5;0.8051486694498418
Project Management;0.5;0.5;0.5;0.5;0.5;0.7947009083748188;0.5;0.5;0.5;0.5;0.5;0.5;0.5;0.5;0.5;0.5;0.5;0.5;0.7947009083748188;0.5;0.5;0.5;0.5;0.5;0.5;0.5;0.7454089955972399;0.8349972184249613;0.6904620667983633;0.5;0.5;0.5;0.5;0.5;0.5;0.5;0.5;0.8279586805884455;0.5;0.5;0.5;0.5;0.5;0.8463066853910294;0.5;0.5;0.5;0.5;0.5;0.5;0.5;0.5;0.695267801772118;0.7328735321674097;0.10960798283967399;0.5;0.5;0.5;0.5;0.5;0.5;0.5;0.5;0.5;0.5;0.5;0.5;0.5;0.5;0.5;0.5;0.5;0.5;0.7772234494544965;0.5;0.5;0.5;0.5;0.5;0.5;0.5;0.5;0.5;0.5;0.5;0.5;0.5;0.5;0.5;0.8496923895724435;0.5;0.5
Project Management;0.5;0.5;0.5;0.5;0.5;0.5;0.5;0.5;0.5;0.5;0.5;0.5;0.5;0.5;0.5;0.5;0.7431505769374269;0.5;0.5;0.5;0.5;0.5;0.5;0.5;0.5;0.5;0.5;0.5;0.5;0.5;0.5;0.5;0.5;0.5;0.5;0.5;0.5;0.5;0.5;0.5;0.5;0.5;0.5;0.5;0.5;0.5;0.5;0.5;0.5;0.5;0.6828550961434157;0.5;0.5;0.5;0.5;0.09871961952056318;0.5;0.5;0.5;0.5;0.5;0.5;0.8059470963355253;0.5;0.5;0.5;0.5;0.5;0.5;0.5;0.5;0.5;0.5;0.5;0.5;0.5;0.5;0.5;0.5;0.5;0.5;0.6298625379834667;0.8085196207837133;0.5;0.5;0.5;0.7586364316392882;0.8402132262633457;0.5;0.5;0.5;0.5
Proof-of-Value;0.5;0.5;0.5;0.5;0.8063130594329215;0.5;0.8323389693939822;0.5;0.5;0.5;0.5;0.5;0.5;0.5;0.5;0.5;0.5;0.7777405440345193;0.5;0.5;0.7579305350921355;0.5;0.5;0.7899559054620946;0.5;0.5;0.5;0.5;0.5;0.5;0.5;0.5;0.5;0.5;0.5;0.5;0.5;0.5;0.836727377761768;0.5;0.5;0.8497537803293743;0.7481767751923333;0.5;0.5;0.5;0.5;0.5;0.5;0.5;0.5;0.5;0.5;0.8323389693939822;0.5;0.5;0.11889466772588744;0.5;0.5;0.5;0.5;0.5;0.5;0.5;0.5;0.5;0.5;0.5;0.5;0.5;0.5;0.5;0.5;0.5;0.5;0.5;0.5;0.5;0.5;0.5;0.5;0.5;0.5;0.5;0.5;0.5;0.5;0.5;0.5;0.5;0.5;0.7777405440345193
Proof-of-Value;0.7896652225927444;0.5;0.7280167035577336;0.5;0.5;0.5;0.5;0.5;0.5;0.7770163313443413;0.8019567695318388;0.5;0.5;0.5;0.5;0.5;0.5;0.5;0.5;0.5;0.5;0.5;0.5;0.5;0.5;0.5;0.5;0.5;0.5;0.5;0.5;0.5;0.5;0.5;0.5;0.5;0.5;0.5;0.5;0.5;0.5;0.5;0.5;0.5;0.5;0.5;0.5;0.5;0.5;0.5;0.5;0.5;0.5;0.5;0.5;0.5;0.5;0.12091149927303377;0.7452704319691453;0.7866022453651071;0.5;0.5;0.8492756002846247;0.8430555123915382;0.5;0.5;0.5;0.84696657422787;0.8200792198061242;0.7756136097757225;0.5;0.5;0.8242052485361863;0.5;0.5;0.5;0.5;0.6782195183351832;0.5;0.5;0.5;0.5;0.5;0.5;0.7478371341335449;0.7614658468516133;0.5;0.5;0.5;0.5;0.5;0.5
Proof-of-Value;0.7797624491981643;0.5;0.7411053005970394;0.5;0.5;0.5;0.5;0.5;0.5;0.8011901030243981;0.7931836772937249;0.5;0.5;0.5;0.5;0.5;0.5;0.5;0.5;0.5;0.5;0.5;0.5;0.5;0.5;0.5;0.5;0.5;0.5;0.5;0.5;0.5;0.5;0.5;0.5;0.5;0.5;0.5;0.5;0.5;0.5;0.5;0.5;0.5;0.5;0.5;0.5;0.5;0.5;0.5;0.5;0.5;0.5;0.5;0.5;0.5;0.5;0.7534924852906102;0.13099451509068108;0.746247100432222;0.5;0.5;0.5;0.5;0.5;0.5;0.5;0.8348870305180505;0.8129547138038266;0.7644060155112642;0.5;0.5;0.8174536190153701;0.5;0.5;0.5;0.5;0.7331286372088114;0.5;0.5;0.5;0.5;0.5;0.5;0.5;0.8213200515852264;0.5;0.5;0.5;0.5;0.5;0.5
Proof-of-Value;0.8155069352438695;0.5;0.7886569264003258;0.5;0.5;0.5;0.5;0.5;0.5;0.8304799989900293;0.8248788920825996;0.5;0.5;0.5;0.5;0.5;0.5;0.5;0.5;0.5;0.5;0.5;0.5;0.5;0.5;0.5;0.5;0.5;0.5;0.5;0.5;0.5;0.5;0.5;0.5;0.5;0.5;0.5;0.5;0.5;0.5;0.5;0.5;0.5;0.5;0.5;0.5;0.5;0.5;0.5;0.5;0.5;0.5;0.5;0.5;0.5;0.5;0.7972348382821083;0.7530102763762221;0.10584019169482495;0.5;0.5;0.5;0.5;0.5;0.5;0.5;0.8466882291980928;0.8387227011933472;0.8048132298622683;0.5;0.5;0.8418783773875446;0.5;0.5;0.5;0.5;0.7831476415413394;0.5;0.5;0.5;0.5;0.5;0.5;0.5;0.8445918795316216;0.5;0.5;0.5;0.5;0.5;0.5
Proof-of-Value;0.5;0.5;0.5;0.5;0.5;0.5;0.5;0.5;0.5;0.5;0.5;0.018863712249767933;0.5;0.5;0.8238964005933542;0.5;0.5;0.5;0.5;0.5;0.5;0.5;0.5;0.5;0.5;0.5;0.5;0.5;0.5;0.5;0.5;0.5;0.5;0.5;0.5;0.5;0.5;0.5;0.5;0.5;0.5;0.5;0.5;0.5;0.5;0.5;0.5;0.5;0.5;0.5;0.5;0.5;0.5;0.5;0.5;0.5;0.5;0.5;0.5;0.5;0.018863712249767933;0.5;0.5;0.5;0.5;0.5;0.5;0.5;0.5;0.5;0.5;0.5;0.5;0.5;0.5;0.5;0.5;0.5;0.5;0.846265991197179;0.5;0.5;0.5;0.5;0.5;0.5;0.5;0.5;0.5;0.5;0.5;0.5
Proof-of-Value;0.5;0.5;0.5;0.5;0.5;0.5;0.5;0.5;0.5;0.5;0.5;0.5;0.5;0.5;0.5;0.5;0.5;0.5;0.5;0.5;0.5;0.5;0.5;0.5;0.5;0.5;0.5;0.5;0.5;0.5;0.5;0.8181362791342534;0.8379664240051996;0.5;0.5;0.5;0.5;0.5;0.5;0.5;0.5;0.8336774327184371;0.5;0.5;0.5;0.5;0.7413959811182196;0.5;0.5;0.7888347546242414;0.8246191017888722;0.5;0.5;0.5;0.5;0.5;0.5;0.5;0.5;0.5;0.5;0.09743504945582966;0.5;0.5;0.5;0.5;0.5;0.5;0.5;0.5;0.5;0.5;0.5;0.5;0.5;0.5;0.5;0.5;0.5;0.5;0.5;0.5;0.5;0.5;0.5;0.5;0.5;0.5;0.5;0.8243153188020103;0.5;0.5
Artificial Intelligence;0.5;0.5;0.5;0.5;0.5;0.5;0.5;0.5;0.5;0.5;0.5;0.5;0.5;0.5;0.5;0.5;0.8117256178561962;0.5;0.5;0.5;0.5;0.5;0.5;0.5;0.5;0.5;0.5;0.5;0.5;0.5;0.5;0.5;0.5;0.5;0.5;0.5;0.5;0.5;0.5;0.5;0.5;0.5;0.5;0.5;0.5;0.5;0.5;0.843037059338178;0.5;0.5;0.826298365571955;0.5;0.5;0.5;0.5;0.8115271651452375;0.5;0.5;0.5;0.5;0.5;0.5;0.08435733513185353;0.8224007041738265;0.5;0.5;0.5;0.5;0.5;0.5;0.5;0.7737750753685618;0.5;0.5;0.5;0.8481034798294764;0.5;0.5;0.5;0.5;0.5;0.8234569233015366;0.5;0.5;0.5;0.5;0.5;0.782105561613684;0.7756949260026205;0.5;0.5;0.5
Artificial Intelligence;0.5;0.5;0.5;0.5;0.5;0.5;0.5;0.5;0.5;0.5;0.5;0.5;0.7454596163494126;0.5;0.5;0.5;0.5;0.5;0.5;0.5;0.5;0.5;0.5;0.5;0.5;0.5;0.5;0.5;0.5;0.5;0.5;0.5;0.5;0.5;0.5;0.5;0.5;0.5;0.5;0.5;0.5;0.5;0.5;0.5;0.5;0.5;0.5;0.5;0.5;0.5;0.5;0.5;0.5;0.5;0.5;0.5;0.5;0.8496085012751332;0.5;0.5;0.5;0.5;0.8244132951000543;0.0662359321534359;0.5;0.8491912175938389;0.5;0.7533500126772972;0.5;0.5;0.5;0.7466113876920615;0.5;0.5;0.5;0.5;0.5;0.8374955305765626;0.5;0.5;0.5;0.5;0.5;0.5;0.5;0.5;0.5;0.5;0.5;0.5;0.5;0.5
Artificial Intelligence;0.5;0.5;0.5;0.5;0.5;0.5;0.5;0.5;0.5;0.5;0.5;0.5;0.5;0.5;0.5;0.5;0.5;0.5;0.5;0.5;0.5;0.5;0.5;0.5;0.5;0.5;0.5;0.5;0.5;0.5;0.5;0.5;0.5;0.5;0.5;0.5;0.5;0.5;0.5;0.5;0.5;0.5;0.5;0.5;0.5;0.5;0.5;0.5;0.5;0.5;0.5;0.5;0.5;0.5;0.5;0.5;0.5;0.5;0.5;0.5;0.5;0.5;0.5;0.5;0.5;0.5;0.5;0.5;0.5;0.5;0.5;0.5;0.5;0.5;0.5;0.5;0.5;0.5;0.5;0.5;0.5;0.5;0.5;0.5;0.5;0.5;0.5;0.5;0.5;0.5;0.5;0.5
Artificial Intelligence;0.8343084628617993;0.5;0.5;0.8239821624633891;0.5;0.5;0.5;0.5;0.5;0.5;0.5;0.5;0.5;0.5;0.5;0.5;0.5;0.5;0.5;0.5;0.5;0.5;0.5;0.5;0.5;0.5;0.5;0.5;0.5;0.5;0.5;0.5;0.5;0.5;0.5;0.5;0.5;0.5;0.5;0.5;0.5;0.5;0.5;0.5;0.5;0.5;0.5;0.5;0.5;0.5;0.5;0.5;0.5;0.5;0.5;0.5;0.5;0.5;0.5;0.5;0.5;0.5;0.5;0.5;0.5;0.052654441312862094;0.8077444883710959;0.828613352511046;0.5;0.5;0.5;0.8432114554491228;0.5;0.5;0.5;0.5;0.5;0.7635353854599934;0.5;0.5;0.5;0.5;0.5;0.5;0.5;0.5;0.5;0.5;0.5;0.5;0.5;0.5
Artificial Intelligence;0.5;0.5;0.5;0.5;0.5;0.5;0.5;0.5;0.5;0.5;0.5;0.5;0.5;0.5;0.5;0.5;0.5;0.5;0.5;0.5;0.5;0.5;0.5;0.5;0.5;0.5;0.5;0.5;0.5;0.5;0.5;0.5;0.5;0.5;0.5;0.5;0.5;0.5;0.5;0.5;0.5;0.5;0.5;0.5;0.5;0.5;0.5;0.5;0.5;0.5;0.8240830859410648;0.5;0.5;0.5;0.5;0.5;0.5;0.5;0.5;0.5;0.5;0.5;0.5;0.5;0.5;0.8015832625469201;0.07249066778091205;0.84126329449009;0.5;0.5;0.5;0.7766996102899875;0.5;0.5;0.8480749452639448;0.5;0.5;0.8366482111395954;0.5;0.5;0.5;0.7974905654575712;0.5;0.5;0.5;0.5;0.5;0.5;0.5;0.5;0.5;0.5
Artificial Intelligence;0.5;0.5;0.5;0.5;0.5;0.5;0.5;0.5;0.5;0.5;0.5;0.5;0.768828671358619;0.5;0.5;0.5;0.5;0.5;0.5;0.5;0.5;0.5;0.5;0.5;0.5;0.5;0.5;0.5;0.5;0.5;0.5;0.5;0.5;0.5;0.5;0.5;0.5;0.5;0.5;0.5;0.5;0.5;0.5;0.5;0.5;0.5;0.5;0.5;0.5;0.5;0.5;0.5;0.5;0.5;0.5;0.5;0.5;0.5;0.8392441756443911;0.8480100218037459;0.5;0.5;0.5;0.7534135576104221;0.5;0.8267796790762039;0.8435074074053549;0.06505400868097164;0.5;0.5;0.5;0.5;0.5;0.5;0.5;0.5;0.5;0.5;0.5;0.5;0.5;0.5;0.5;0.5;0.5;0.5;0.5;0.5;0.5;0.5;0.5;0.5
Analytics;0.838682031377092;0.5;0.8192995820077615;0.5;0.8035553030714193;0.5;0.5;0.5;0.5;0.8495201320024958;0.7088516085823899;0.5;0.5;0.5;0.5;0.5;0.5;0.5;0.5;0.5;0.5;0.5;0.5;0.5;0.5;0.5;0.5;0.5;0.5;0.5;0.5;0.5;0.5;0.5;0.5;0.5;0.5;0.5;0.5;0.5;0.5;0.5;0.5;0.5;0.5;0.5;0.5;0.5;0.5;0.5;0.5;0.5;0.5;0.5;0.5;0.5;0.5;0.8254834926649498;0.8143685808138466;0.8369950623492085;0.5;0.5;0.5;0.5;0.5;0.5;0.5;0.5;0.10154324535115078;0.7450143769607303;0.8294222534104524;0.5;0.802823773304266;0.5;0.5;0.5;0.5;0.8153324530766051;0.5;0.5;0.5;0.5;0.5;0.5;0.8247450588991961;0.5;0.5;0.5;0.5;0.5;0.5;0.5
Analytics;0.7669673544134408;0.5;0.7713502060555161;0.5;0.5;0.5;0.5;0.5;0.5;0.7573057531378755;0.7042420093785339;0.5;0.5;0.5;0.5;0.8402086678056173;0.5;0.5;0.5;0.5;0.5;0.5;0.5;0.5;0.5;0.5;0.5;0.5;0.5;0.5;0.5;0.5;0.5;0.5;0.5;0.5;0.5;0.5;0.5;0.5;0.5;0.5;0.5;0.5;0.5;0.5;0.5;0.5;0.5;0.5;0.5;0.5;0.5;0.5;0.5;0.5;0.5;0.7812992677125011;0.7633995851753869;0.7997622246581645;0.5;0.5;0.5;0.5;0.5;0.5;0.5;0.5;0.7412317794841143;0.10923866466863254;0.8440830668694466;0.5;0.7891666669548709;0.5;0.5;0.5;0.5;0.764954975297401;0.5;0.5;0.5;0.5;0.5;0.5;0.5;0.8360817509075339;0.5;0.5;0.5;0.5;0.5;0.5
Analytics;0.8474972017276149;0.5;0.5;0.5;0.5;0.5;0.5;0.5;0.5;0.5;0.821036563556162;0.5;0.5;0.5;0.5;0.5;0.5;0.5;0.5;0.5;0.5;0.5;0.5;0.5;0.5;0.5;0.5;0.5;0.5;0.5;0.5;0.5;0.5;0.5;0.5;0.5;0.5;0.5;0.5;0.5;0.5;0.5;0.5;0.5;0.5;0.846054293592509;0.5;0.5;0.5;0.5;0.5;0.5;0.5;0.5;0.5;0.5;0.5;0.5;0.5;0.5;0.5;0.5;0.5;0.5;0.5;0.5;0.5;0.5;0.8355949806018441;0.5;0.04971441656397916;0.5;0.8389129589498896;0.5;0.5;0.5;0.5;0.5;0.5;0.5;0.5;0.5;0.5;0.5;0.5;0.5;0.5;0.5;0.5;0.5;0.5;0.5
Analytics;0.8490762703492034;0.5;0.5;0.5;0.5;0.5;0.5;0.5;0.5;0.5;0.5;0.5;0.5;0.5;0.5;0.5;0.5;0.5;0.5;0.5;0.5;0.5;0.5;0.5;0.5;0.5;0.5;0.5;0.5;0.5;0.5;0.5;0.5;0.5;0.5;0.5;0.5;0.5;0.5;0.5;0.5;0.5;0.5;0.5;0.5;0.5;0.5;0.5;0.5;0.5;0.5;0.5;0.5;0.5;0.5;0.5;0.5;0.5;0.5;0.5;0.5;0.5;0.770040139687573;0.7377403972710955;0.5;0.8384366298531327;0.7746286862927433;0.5;0.5;0.5;0.5;0.057760666778997743;0.5;0.5;0.5;0.7730777646799878;0.5;0.5;0.5;0.5;0.5;0.5;0.5;0.5;0.5;0.5;0.5;0.5;0.5;0.5;0.5;0.5
Causality;0.8459212632528077;0.5;0.8288493677264881;0.5;0.5;0.5;0.5;0.5;0.5;0.5;0.7891499023158558;0.5;0.5;0.5;0.5;0.5;0.5;0.5;0.5;0.5;0.5;0.5;0.5;0.5;0.5;0.5;0.5;0.5;0.5;0.5;0.5;0.5;0.5;0.5;0.5;0.5;0.5;0.5;0.5;0.5;0.5;0.5;0.5;0.5;0.5;0.5;0.5;0.5;0.5;0.5;0.5;0.5;0.5;0.5;0.5;0.5;0.5;0.8342943212101109;0.8245089410734487;0.8444347792218432;0.5;0.5;0.5;0.5;0.5;0.5;0.5;0.5;0.8096812593092291;0.7994264598267858;0.8377633218300987;0.5;0.07817169096338865;0.5;0.5;0.7714031412456366;0.5;0.8253572753008462;0.8169637961573042;0.5;0.5;0.5;0.5;0.5;0.5;0.5;0.5;0.5;0.5;0.5;0.5;0.5
Causality;0.5;0.5;0.5;0.5;0.5;0.8208460471438737;0.5;0.5;0.5;0.5;0.848152869242805;0.5;0.5;0.5;0.5;0.5;0.5;0.5;0.8208460471438737;0.5;0.5;0.5;0.5;0.5;0.5;0.5;0.8401047320302678;0.5;0.81952399696279;0.5;0.5;0.8368075907690846;0.5;0.5;0.5;0.5;0.5;0.5;0.5;0.5;0.5;0.5;0.5;0.8496445821719193;0.5;0.5;0.5;0.5;0.5;0.5;0.5;0.5;0.8166796907084739;0.8445622382626568;0.7849432659864668;0.5;0.5;0.5;0.5;0.5;0.5;0.5;0.5;0.5;0.5;0.5;0.5;0.5;0.5;0.5;0.5;0.5;0.5;0.07343584890054232;0.5;0.5;0.5;0.5;0.5;0.5;0.5;0.5;0.5;0.5;0.5;0.5;0.5;0.5;0.5;0.5;0.5;0.5
Causality;0.5;0.5;0.5;0.5;0.5;0.5;0.5;0.5;0.5;0.5;0.5;0.5;0.5;0.5;0.5;0.5;0.5;0.5;0.5;0.5;0.5;0.5;0.5;0.5;0.5;0.5;0.5;0.5;0.5;0.5;0.5;0.5;0.5;0.5;0.5;0.5;0.5;0.5;0.5;0.5;0.5;0.5;0.5;0.5;0.5;0.5;0.5;0.5;0.5;0.5;0.5;0.5;0.5;0.5;0.5;0.5;0.5;0.5;0.5;0.5;0.5;0.5;0.5;0.5;0.5;0.5;0.5;0.5;0.5;0.5;0.5;0.5;0.5;0.5;0.0377524130740572;0.5;0.5;0.5;0.5;0.5;0.5;0.5;0.5;0.5;0.5;0.5;0.5;0.5;0.5;0.5;0.5;0.5
Causality;0.5;0.5;0.5;0.5;0.5;0.5;0.5;0.5;0.5;0.5;0.5;0.5;0.5;0.6044956575859252;0.5;0.5;0.5;0.823038132752978;0.5;0.5;0.5;0.5;0.5;0.5;0.5;0.5;0.5;0.5;0.5;0.5;0.5;0.5;0.5;0.5;0.5;0.5;0.5;0.5;0.5;0.5;0.5;0.5;0.5;0.5;0.5;0.5;0.841574538884099;0.5;0.5;0.5;0.5;0.5;0.5;0.5;0.5;0.5;0.5;0.5;0.5;0.5;0.5;0.5;0.8473564741155496;0.5;0.5;0.5;0.5;0.5;0.5;0.5;0.5;0.7749246206358349;0.7632187128847516;0.5;0.5;0.07874107959013159;0.5;0.5;0.5;0.5;0.5;0.5;0.5;0.5;0.5;0.5;0.5;0.5;0.5;0.5;0.5;0.823038132752978
Decision Making;0.5;0.5;0.5;0.5;0.5;0.5;0.5;0.5;0.5;0.5;0.8261895245706111;0.5;0.5;0.5;0.5;0.5;0.5;0.5;0.5;0.5;0.5;0.5;0.5;0.5;0.5;0.5;0.5;0.5;0.5;0.5;0.5;0.5;0.5;0.5;0.5;0.5;0.5;0.5;0.5;0.5;0.5;0.5;0.5;0.5;0.5;0.5;0.5;0.5;0.5;0.5;0.5;0.5;0.5;0.5;0.5;0.5;0.5;0.5;0.5;0.5;0.5;0.5;0.5;0.5;0.5;0.5;0.5;0.5;0.5;0.5;0.5;0.5;0.5;0.5;0.5;0.5;0.03156744522301338;0.5;0.5;0.5;0.5;0.5;0.5;0.5;0.5;0.5;0.5;0.5;0.5;0.5;0.5;0.5
Decision Making;0.7292216743751981;0.5;0.7324661017011124;0.5;0.5;0.5;0.5;0.5;0.5;0.7959109100949204;0.7874662176374428;0.5;0.5;0.5;0.5;0.5;0.5;0.5;0.5;0.5;0.5;0.5;0.5;0.5;0.5;0.5;0.5;0.5;0.5;0.5;0.5;0.5;0.5;0.5;0.5;0.5;0.5;0.5;0.5;0.5;0.5;0.5;0.5;0.5;0.5;0.5;0.5;0.5;0.5;0.5;0.5;0.5;0.5;0.5;0.5;0.5;0.5;0.6760114547686059;0.7219740710773308;0.7697726460454171;0.5;0.5;0.5;0.8286828767161393;0.5;0.7397697602168214;0.8304517552416756;0.5;0.8083153828842421;0.7570910304683064;0.5;0.5;0.8130577960066379;0.5;0.5;0.5;0.5;0.1163643038559447;0.5;0.5;0.5;0.5;0.5;0.5;0.5;0.8171330226653848;0.5;0.5;0.5;0.5;0.5;0.5
Decision Making;0.5;0.5;0.5;0.5;0.5;0.5;0.5;0.5;0.5;0.5;0.5;0.5;0.5;0.5;0.5;0.5;0.5;0.5;0.5;0.5;0.5;0.5;0.5;0.5;0.5;0.5;0.5;0.5;0.5;0.5;0.5;0.5;0.5;0.8357699476787375;0.5;0.5;0.5;0.8427458048405339;0.5;0.5;0.5;0.5;0.5;0.5;0.5;0.5;0.5;0.5;0.5;0.5;0.5;0.5;0.5;0.5;0.5;0.5;0.5;0.5;0.5;0.5;0.5;0.5;0.5;0.5;0.5;0.5;0.5;0.5;0.5;0.5;0.5;0.5;0.8188944316802278;0.5;0.5;0.5;0.5;0.5;0.04356714067699009;0.5;0.5;0.5;0.5;0.5;0.5;0.5;0.5;0.5;0.5;0.5;0.5;0.5
Decision Making;0.5;0.5;0.5;0.5;0.5;0.5;0.5;0.5;0.5;0.5;0.5;0.8487931436941462;0.5;0.5;0.5;0.5;0.5;0.5;0.5;0.5;0.5;0.5;0.5;0.5;0.5;0.5;0.5;0.5;0.5;0.5;0.5;0.5;0.5;0.5;0.5;0.8310568754984817;0.5;0.5;0.5;0.5;0.5;0.5;0.5;0.5;0.5;0.5;0.5;0.5;0.5;0.5;0.5;0.5;0.5;0.5;0.5;0.5;0.5;0.5;0.5;0.5;0.8487931436941462;0.5;0.5;0.5;0.5;0.5;0.5;0.5;0.5;0.5;0.5;0.5;0.5;0.5;0.5;0.5;0.5;0.5;0.5;0.07214378778360554;0.5;0.5;0.5;0.5;0.5;0.5;0.5;0.5;0.5;0.5;0.5;0.5
Software Design;0.5;0.5;0.5;0.5;0.5;0.5;0.5;0.5;0.5;0.5;0.5;0.5;0.5;0.5;0.5;0.5;0.5;0.5;0.5;0.5;0.5;0.5;0.5;0.5;0.5;0.5;0.5;0.5;0.5;0.5;0.5;0.8393998921287945;0.5;0.5;0.5;0.5;0.5;0.5;0.5;0.5;0.5;0.5;0.5;0.5;0.5;0.5;0.5;0.5;0.5;0.5;0.5;0.5;0.5;0.5;0.5;0.5;0.5;0.5;0.5;0.5;0.5;0.5;0.5;0.5;0.5;0.5;0.5;0.5;0.5;0.5;0.5;0.5;0.5;0.5;0.5;0.5;0.5;0.5;0.5;0.5;0.04322733128421022;0.5;0.834608163462525;0.5;0.5;0.5;0.5;0.5;0.5;0.5;0.5;0.5
Software Design;0.5;0.5;0.5;0.5;0.5;0.5;0.8425453625435436;0.5;0.5;0.5;0.844776992300126;0.5;0.5;0.5;0.5;0.5;0.7486995882271471;0.8336740875637529;0.5;0.5;0.5;0.5;0.5;0.5;0.5;0.5;0.8202064055821205;0.5;0.5;0.5;0.5;0.5;0.5;0.5;0.5;0.5;0.5;0.5;0.5;0.5;0.5;0.5;0.5;0.5;0.5;0.5;0.5;0.5;0.5;0.5;0.6115382567063655;0.5;0.5;0.5;0.5;0.5957854223175315;0.5;0.5;0.5;0.5;0.5;0.5;0.8092232776837007;0.5;0.5;0.5;0.7798167467732421;0.5;0.5;0.5;0.5;0.5;0.5;0.5;0.5;0.5;0.5;0.5;0.5;0.5;0.5;0.05555924742705708;0.8072733111800184;0.5;0.5;0.5;0.7526012229964596;0.8422851678355612;0.5;0.5;0.5;0.8336740875637529
Software Design;0.5;0.5;0.5;0.5;0.5;0.5;0.5;0.8475012236310466;0.5;0.5;0.5;0.5;0.5;0.5;0.5;0.5;0.5;0.5;0.5;0.5;0.5;0.8465180033370971;0.8465180033370971;0.5;0.5;0.5;0.5;0.5;0.5;0.5;0.5;0.5;0.5;0.5;0.5;0.5;0.5;0.5;0.5;0.5;0.5;0.5;0.5;0.5;0.5;0.5;0.5;0.5;0.5;0.5;0.8187040006162022;0.5;0.5;0.5;0.5;0.8179669621368622;0.5;0.5;0.5;0.5;0.5;0.5;0.5;0.5;0.5;0.5;0.5;0.5;0.5;0.5;0.5;0.5;0.5;0.5;0.5;0.5;0.5;0.5;0.5;0.5;0.8335021140347239;0.8254667164150393;0.059749027907112104;0.5;0.5;0.5;0.8340422317106259;0.5;0.5;0.5;0.5;0.5
Software Design;0.5;0.5;0.5;0.5;0.5;0.5;0.5;0.8085060846129158;0.5;0.5;0.5;0.5;0.5;0.5;0.5;0.5;0.5;0.5;0.5;0.5;0.5;0.5;0.5;0.5;0.5;0.5;0.5;0.5;0.5;0.5;0.5;0.5;0.5;0.5;0.5;0.5;0.5;0.8457016312432271;0.5;0.5;0.5;0.5;0.5;0.8123900278429542;0.5;0.5;0.5;0.5;0.5;0.5;0.5;0.5;0.5;0.8369224643083427;0.5;0.5;0.5;0.5;0.5;0.5;0.5;0.5;0.5;0.5;0.5;0.5;0.5;0.5;0.5;0.5;0.5;0.5;0.5;0.5;0.5;0.5;0.5;0.5;0.5;0.5;0.5;0.5;0.5;0.0712355913734509;0.5;0.5;0.5;0.5;0.5;0.5;0.8340645491116773;0.5
Enterprise Architecture;0.5;0.5;0.5;0.5;0.7628516303091044;0.5;0.5;0.5;0.5;0.5;0.5;0.5;0.5;0.5;0.5;0.5;0.5;0.5;0.5;0.8348299670286756;0.5;0.5;0.5;0.5;0.5;0.5;0.5;0.5;0.5;0.5;0.5;0.8303712856516401;0.5;0.8272763939487676;0.5;0.8417353891683678;0.5;0.5;0.5;0.5;0.5;0.8207880837445458;0.5;0.5;0.5;0.5;0.5;0.5;0.5;0.5;0.5;0.5;0.5;0.5;0.5;0.5;0.5;0.7581901053711946;0.5;0.5;0.5;0.5;0.5;0.5;0.5;0.5;0.5;0.5;0.8246936526075069;0.5;0.5;0.5;0.5;0.5;0.5;0.5;0.5;0.5;0.5;0.5;0.5;0.5;0.5;0.5;0.0803841349009799;0.8225989485785047;0.5;0.5;0.5;0.5;0.5;0.5
Enterprise Architecture;0.8488042243140004;0.5;0.8326500727335892;0.5;0.5;0.5;0.5;0.5;0.5;0.5;0.5;0.5;0.5;0.5;0.5;0.7993490744287448;0.5;0.5;0.5;0.5;0.5;0.5;0.5;0.5;0.5;0.5;0.5;0.5;0.5;0.5;0.5;0.5;0.5;0.5;0.5;0.5;0.5;0.5;0.5;0.5;0.5;0.5;0.5;0.5;0.5;0.5;0.5;0.5;0.5;0.5;0.5;0.5;0.5;0.5;0.5;0.5;0.5;0.7809592201135587;0.8285439203746995;0.8473974389107299;0.5;0.5;0.5;0.5;0.5;0.5;0.5;0.5;0.5;0.8423605243299969;0.5;0.5;0.5;0.5;0.5;0.5;0.5;0.8293464325471039;0.5;0.5;0.5;0.5;0.5;0.5;0.828595138763054;0.07978208236317667;0.5;0.5;0.5;0.5;0.5;0.5
Enterprise Architecture;0.5;0.5;0.5;0.5;0.5;0.5;0.5;0.5;0.5;0.5;0.5;0.5;0.5;0.5;0.5;0.5;0.8356374526079311;0.5;0.5;0.5;0.5;0.5;0.5;0.5;0.5;0.5;0.5;0.5;0.5;0.5;0.5;0.5;0.5;0.5;0.5;0.5;0.5;0.5;0.5;0.5;0.5;0.5;0.5;0.5;0.5;0.5;0.5;0.5;0.5;0.5;0.8171558889842355;0.5;0.5;0.5;0.5;0.7691224219100746;0.5;0.5;0.5;0.5;0.5;0.5;0.5;0.5;0.5;0.5;0.5;0.5;0.5;0.5;0.5;0.5;0.5;0.5;0.5;0.5;0.5;0.5;0.5;0.5;0.5;0.7778361878669261;0.8318497294392216;0.5;0.5;0.5;0.05597886592265743;0.5;0.5;0.5;0.5;0.5
Enterprise Architecture;0.5;0.5;0.5;0.8368672753660819;0.5;0.5;0.5;0.5;0.5;0.8432158601319998;0.5;0.5;0.5;0.5;0.5;0.5;0.7727073793712661;0.5;0.5;0.5;0.5;0.5;0.5;0.5;0.5;0.5;0.8315745403705764;0.5;0.5;0.5;0.5;0.5;0.5;0.5;0.5;0.5;0.5;0.5;0.5;0.5;0.5;0.5;0.5;0.5;0.5;0.5;0.5;0.5;0.5;0.5;0.7957915356749382;0.5;0.5;0.5;0.5;0.8418648500744229;0.5;0.5;0.5;0.5;0.5;0.5;0.7781239426485439;0.5;0.5;0.5;0.5;0.5;0.5;0.5;0.5;0.5;0.5;0.5;0.5;0.5;0.5;0.5;0.5;0.5;0.5;0.84967514425431;0.5;0.5;0.5;0.5;0.5;0.07948467935777773;0.7352917413083861;0.5;0.5;0.5
Enterprise Architecture;0.5;0.5;0.8415181291341586;0.5;0.5;0.5;0.8050030946343384;0.5;0.5;0.8266158526378145;0.5;0.5;0.5;0.5;0.5;0.5;0.5;0.5;0.5;0.5;0.5;0.5;0.5;0.5;0.5;0.5;0.5;0.5;0.5;0.5;0.5;0.5;0.5;0.5;0.5;0.5;0.5;0.8436050758243206;0.5;0.5;0.5;0.5;0.5;0.5;0.5;0.5;0.5;0.5;0.5;0.5;0.5;0.5;0.5;0.5;0.5;0.5;0.5;0.5;0.5;0.5;0.5;0.5;0.7721799391481017;0.5;0.5;0.5;0.5;0.5;0.5;0.5;0.5;0.5;0.5;0.5;0.5;0.5;0.5;0.5;0.5;0.5;0.5;0.5;0.5;0.5;0.5;0.5;0.5;0.7361862367354687;0.10141639427588636;0.8492586423534896;0.5;0.5
Process Modeling;0.5;0.5;0.5;0.5;0.5;0.5;0.5;0.5;0.5;0.5;0.5;0.5;0.5;0.8268442201395184;0.5;0.5;0.5;0.8295751649850832;0.5;0.5;0.5;0.8196767423870023;0.8196767423870023;0.5;0.5;0.5;0.5;0.8452890499320244;0.5;0.5;0.5;0.5;0.8269737746844096;0.8456016892976547;0.5;0.5;0.5;0.8369851656757028;0.5;0.5;0.5;0.5;0.5;0.5;0.5;0.5;0.8339280075050977;0.5;0.5;0.5;0.5;0.5;0.5;0.5;0.5;0.5;0.5;0.5;0.5;0.5;0.5;0.8272615424598393;0.5;0.5;0.5;0.5;0.5;0.5;0.5;0.5;0.5;0.5;0.5;0.5;0.5;0.5;0.5;0.5;0.5;0.5;0.5;0.5;0.5;0.5;0.5;0.5;0.5;0.5;0.5;0.09140348365772458;0.5;0.8295751649850832
Process Modeling;0.5;0.5;0.5;0.8302079428435976;0.5;0.5;0.5;0.5;0.5;0.5;0.5;0.5;0.5;0.5;0.5;0.5;0.5;0.5;0.5;0.5;0.5;0.5;0.5;0.5;0.5;0.5;0.5;0.5;0.5;0.5;0.5;0.5;0.5;0.5;0.5;0.5;0.5;0.5;0.5;0.5;0.5;0.5;0.5;0.5;0.5;0.5;0.5;0.5;0.5;0.5;0.5;0.5;0.5;0.5;0.5;0.5;0.5;0.5;0.5;0.5;0.5;0.5;0.5;0.5;0.5;0.5;0.5;0.5;0.5;0.5;0.5;0.5;0.5;0.5;0.5;0.5;0.5;0.5;0.5;0.5;0.5;0.5;0.5;0.8342175920249957;0.5;0.5;0.5;0.5;0.5;0.5;0.07501104180801631;0.5
Process Modeling;0.8410095859474847;0.5;0.5;0.5;0.8139399493680675;0.8025877979705246;0.8189135836445884;0.5;0.5;0.5;0.5;0.5;0.5;0.8317916109321436;0.5;0.8467910390980983;0.839425523255248;0.11339926413715261;0.8025877979705246;0.5;0.8337296030621713;0.5;0.5;0.8296899184150403;0.5;0.5;0.8243295423885254;0.8173272172233663;0.5;0.5;0.5;0.5;0.5;0.5;0.5;0.8317916109321436;0.5;0.842219173393381;0.5;0.5;0.5;0.5;0.8033191394209864;0.5;0.8354413624976545;0.5;0.7812909878627106;0.5;0.5;0.5;0.8444859196800695;0.5;0.5;0.7919789432458815;0.5;0.5;0.7604999474186652;0.5;0.5;0.5;0.5;0.5;0.5;0.5;0.5;0.5;0.5;0.5;0.5;0.5;0.5;0.5;0.5;0.5;0.5;0.8064065858174786;0.5;0.5;0.5;0.846124453277323;0.5;0.8310153070772671;0.5;0.5;0.5;0.5;0.5;0.5;0.5;0.8125343748031836;0.8359472669103555;0.11339926413715261
